,feat,p,stat
257,wavelet-HLL_glcm_Autocorrelation,8.611427342483531e-05,1.679960253880732
261,wavelet-HLL_gldm_HighGrayLevelEmphasis,8.996647987870468e-05,1.671695797103905
319,wavelet-HLL_glrlm_HighGrayLevelRunEmphasis,9.101371878191004e-05,1.6615594712014299
453,wavelet-HLL_gldm_LargeDependenceHighGrayLevelEmphasis,0.00011048497696084878,1.7215123311852731
148,wavelet-HLL_glszm_HighGrayLevelZoneEmphasis,0.00011299418541203927,1.687129941942231
333,wavelet-HLL_glcm_SumAverage,0.00014872496416226056,1.6267963509054442
184,wavelet-HLL_glcm_JointAverage,0.00014872496416226197,1.6267963509054446
205,wavelet-HLL_glrlm_ShortRunHighGrayLevelEmphasis,0.00016912841322592917,1.6035703357477762
243,wavelet-HLL_glrlm_LongRunHighGrayLevelEmphasis,0.0002567731563238832,1.6835589611747503
514,wavelet-HLL_glcm_Idn,0.0013180657394230156,1.3748840325298848
418,wavelet-HLL_glcm_Idmn,0.0014827392473175307,1.3290950174077503
554,wavelet-HLL_glszm_SmallAreaHighGrayLevelEmphasis,0.0015608668169812565,1.1997632785892691
89,wavelet-HLL_ngtdm_Complexity,0.0031008367582415776,1.1535188126191775
82,wavelet-HLL_glrlm_LowGrayLevelRunEmphasis,0.004210683901491644,-2.039724711044806
373,wavelet-HLL_gldm_SmallDependenceHighGrayLevelEmphasis,0.004232501091024793,1.1845620943545683
75,wavelet-HLL_ngtdm_Contrast,0.006166151071558743,-1.2716018610536484
196,wavelet-HLL_glrlm_ShortRunLowGrayLevelEmphasis,0.011061710780348477,-1.6370744481661041
529,wavelet-HLL_gldm_LowGrayLevelEmphasis,0.012485583783689493,-1.6857231064283626
402,wavelet-HLL_glszm_LowGrayLevelZoneEmphasis,0.015601498478643158,-1.8262278320031538
364,wavelet-HHH_glszm_GrayLevelNonUniformity,0.020387278152882746,1.086720405269174
144,wavelet-HLL_gldm_LargeDependenceLowGrayLevelEmphasis,0.02264329705931786,-1.6072667346160752
532,wavelet-HLH_glszm_ZoneEntropy,0.030829015099241897,1.2115425469118197
377,wavelet-HLL_glrlm_LongRunLowGrayLevelEmphasis,0.03665947738553747,-1.2643031461557086
278,wavelet-HHH_glszm_SizeZoneNonUniformityNormalized,0.03914400078839367,-0.5891409821250855
183,wavelet-HHH_glszm_ZoneEntropy,0.039210481604130654,0.6540054886919742
549,wavelet-HHH_glcm_Imc2,0.03921331138874179,-1.0465991684536655
313,wavelet-HHH_glcm_MaximumProbability,0.03928958431961615,-0.7185392550681983
43,wavelet-LLH_glrlm_HighGrayLevelRunEmphasis,0.041058671979268026,0.8699367229559771
393,wavelet-LLH_glrlm_LongRunHighGrayLevelEmphasis,0.043024389230153816,0.836549447005118
24,wavelet-LLH_gldm_HighGrayLevelEmphasis,0.044272506414021646,0.8613993756416445
231,wavelet-LLH_glcm_Autocorrelation,0.04498293252755441,0.8600027164949717
249,wavelet-HHH_glcm_Imc1,0.04618736567719777,0.794199347841304
475,wavelet-LLH_glrlm_ShortRunHighGrayLevelEmphasis,0.04700938857259788,0.8862201235691579
66,wavelet-LLH_glcm_JointAverage,0.04805310345304885,0.7371600582807706
32,wavelet-LLH_glcm_SumAverage,0.04805310345304889,0.7371600582807701
528,wavelet-HHH_glcm_MCC,0.052069583212095476,-0.6836136783683853
591,wavelet-HLL_gldm_SmallDependenceLowGrayLevelEmphasis,0.054407672279502224,-1.0401189938510125
336,wavelet-HHH_glcm_DifferenceEntropy,0.05593328503665011,0.7286586034294443
281,wavelet-LLH_gldm_LargeDependenceHighGrayLevelEmphasis,0.05629374804632311,0.8076403462477922
9,wavelet-HLL_glcm_MCC,0.05639682586780742,0.9011552839497489
30,wavelet-LLH_gldm_LargeDependenceLowGrayLevelEmphasis,0.06143332535666416,-0.5262760393612482
365,wavelet-HLL_glszm_ZoneEntropy,0.06416633744390403,0.9456306942435257
322,wavelet-LLH_glszm_GrayLevelNonUniformity,0.06868014788489231,0.8056196400637219
7,wavelet-LLL_glszm_ZoneEntropy,0.06934926637796124,0.791041290152233
142,wavelet-LLH_gldm_LowGrayLevelEmphasis,0.07082423951890725,-0.4672739681840866
487,wavelet-LLH_glszm_HighGrayLevelZoneEmphasis,0.07426146081335377,0.7923475545446512
290,wavelet-HLL_glszm_SmallAreaLowGrayLevelEmphasis,0.07467789553319377,-0.9928839493755733
172,wavelet-LLH_glrlm_LongRunLowGrayLevelEmphasis,0.07918246810197786,-0.6195755190998523
68,wavelet-LLH_glrlm_LowGrayLevelRunEmphasis,0.08446902190405502,-0.43885219362512506
349,wavelet-LHL_glcm_Imc2,0.08806731913958968,-0.9605293619930622
568,wavelet-LLH_gldm_SmallDependenceLowGrayLevelEmphasis,0.09105941484254282,-0.6269708911044085
291,wavelet-HLL_glszm_SmallAreaEmphasis,0.10092883645782996,0.8283586227121749
293,wavelet-HHL_glcm_Imc1,0.1049439192836794,0.6842612502911463
302,wavelet-HLL_glszm_GrayLevelVariance,0.10927338245212491,0.9196805561314189
118,wavelet-HHH_glcm_Idm,0.1139064249233553,1.6948653344378273
450,wavelet-HHH_glcm_Id,0.11569760337996687,1.4291808017316883
385,wavelet-HHH_glcm_DifferenceAverage,0.1161900281664949,-2.2561497468205722
363,wavelet-HHH_glszm_SizeZoneNonUniformity,0.11652650191595391,0.7070328601369502
110,wavelet-LLH_glcm_Idmn,0.1242195165959266,0.5196263865268091
384,wavelet-HLL_glszm_GrayLevelNonUniformityNormalized,0.12473706927842099,-0.6378064144498172
197,wavelet-LLH_glszm_SizeZoneNonUniformity,0.13295731574132535,0.6778109559026069
572,wavelet-LLL_glszm_GrayLevelNonUniformity,0.1364315090684341,0.6556384266661117
548,wavelet-HLL_glrlm_RunEntropy,0.137959366932103,0.8379285847474456
284,wavelet-HHL_glcm_Imc2,0.13947767845025288,-0.746816789351803
140,wavelet-LLH_glrlm_ShortRunLowGrayLevelEmphasis,0.1410974507038252,-0.4591353653732374
48,wavelet-LLH_glszm_SmallAreaHighGrayLevelEmphasis,0.14660196856159,0.6396250198070048
226,wavelet-HHH_glcm_Contrast,0.1522050564908548,-4.939459907073827
300,wavelet-LLL_glszm_LowGrayLevelZoneEmphasis,0.16174200608988298,-0.7757361601952084
314,wavelet-LLH_ngtdm_Contrast,0.16605025372028034,-0.4161068143991806
217,wavelet-HHH_glcm_JointEnergy,0.16641201353359064,-1.1016468895010907
546,wavelet-LHH_glcm_Imc2,0.1745031988450812,-0.7021445039489527
258,wavelet-HHH_glcm_Idmn,0.17696185818720067,0.6109680268869587
560,wavelet-LHH_glszm_SmallAreaLowGrayLevelEmphasis,0.17794426077487427,0.5326789801215919
125,wavelet-HHH_ngtdm_Contrast,0.18216556887684157,-0.5668617745495517
49,wavelet-LHH_glszm_ZoneEntropy,0.18267621515198168,0.7434051614895264
116,wavelet-HHH_glcm_Correlation,0.18485989244933834,0.5928169246227654
203,wavelet-HLL_glszm_LargeAreaLowGrayLevelEmphasis,0.19222000374969772,-0.7213402528878992
220,wavelet-LHH_glcm_MaximumProbability,0.19474463459771135,-0.8743664682639226
544,wavelet-LHH_glcm_Imc1,0.19687917503169922,0.712578227859921
444,wavelet-HHL_glszm_LargeAreaHighGrayLevelEmphasis,0.19939874248676098,0.981001703922812
328,wavelet-HLL_glcm_ClusterShade,0.2008071722973126,-1.0268112675307688
590,wavelet-HHL_glcm_Correlation,0.20428758230700497,0.6073301543973085
287,wavelet-LHH_glcm_MCC,0.2062706899511898,-0.6244491877767796
519,wavelet-LLL_glrlm_RunLengthNonUniformity,0.20682457144410255,0.5288997217003147
233,wavelet-LLL_glrlm_LowGrayLevelRunEmphasis,0.2093408627270711,-0.6897854515527553
213,wavelet-HHL_gldm_DependenceVariance,0.21116865026391635,-0.4343647126041291
102,wavelet-HHH_glcm_InverseVariance,0.21132189249619523,-0.5785559857294065
422,wavelet-HHL_gldm_DependenceNonUniformityNormalized,0.21134407654493823,0.49540918570298875
5,wavelet-LLL_glszm_GrayLevelNonUniformityNormalized,0.2166790313169492,-0.6660146047609923
523,wavelet-HHH_glszm_SmallAreaEmphasis,0.2184505369533681,0.33310902199486236
267,wavelet-LLL_gldm_LowGrayLevelEmphasis,0.2240717246742149,-0.6977777666455257
502,wavelet-LLH_glszm_LowGrayLevelZoneEmphasis,0.22716408656542805,-0.5607471332577101
52,wavelet-LHH_glszm_GrayLevelNonUniformity,0.2308690620301212,0.4660108638698069
113,wavelet-LLL_glrlm_ShortRunLowGrayLevelEmphasis,0.23156632359720203,-0.5868257327516417
103,wavelet-LHH_glszm_SizeZoneNonUniformity,0.23178776364459647,0.5357062181365968
45,wavelet-HLL_glszm_SizeZoneNonUniformity,0.23353479817076195,0.5633077941143816
575,wavelet-HLH_glszm_GrayLevelNonUniformityNormalized,0.2342421165420176,-0.7385011604406642
84,wavelet-HLH_glszm_GrayLevelNonUniformity,0.2357413764307023,0.3923038138042428
265,wavelet-LHL_glcm_Imc1,0.2401111873864513,0.7436700474175378
79,wavelet-HHL_glszm_SizeZoneNonUniformityNormalized,0.24544279213290682,0.5294118422210145
522,wavelet-LHL_glcm_Idn,0.2524954100116951,0.49343025857928224
100,wavelet-LLH_glcm_Idn,0.2550790370533862,0.4600734202272335
424,wavelet-HLL_gldm_DependenceEntropy,0.25930460958663637,0.5740777726602525
92,wavelet-LLL_glcm_Idmn,0.26262206141656164,0.4702524265306257
19,wavelet-LHL_glszm_GrayLevelVariance,0.2645564155108051,-0.6774181311940962
483,wavelet-HLH_glcm_SumSquares,0.2671484995065343,-41.23354045509097
517,wavelet-LHH_glcm_SumAverage,0.27139281476762855,0.4178295947718435
370,wavelet-LHH_glcm_JointAverage,0.2713928147676288,0.4178295947718435
509,wavelet-HHL_glszm_ZonePercentage,0.27523398132465376,-0.444249157725657
136,wavelet-HHL_gldm_SmallDependenceEmphasis,0.28138938767939026,-0.4562407393989046
268,wavelet-HLL_ngtdm_Busyness,0.28227032276928654,-0.49251484371315196
8,wavelet-HHL_glcm_ClusterShade,0.2854704769560573,0.9102550906678123
12,wavelet-HHL_glrlm_GrayLevelNonUniformityNormalized,0.2941132914153337,0.41545199388740517
165,wavelet-LHL_ngtdm_Contrast,0.2974925411670656,-0.4579019274336813
542,wavelet-HHL_glcm_DifferenceAverage,0.3007738925656666,-0.4672231040533825
238,wavelet-HLH_glcm_Contrast,0.3038963272851697,-1.920529196839304
33,wavelet-LHH_glcm_Contrast,0.3078142463396812,-1.3458460577165026
91,wavelet-LLH_glrlm_RunLengthNonUniformity,0.308568206085129,0.40312166028369023
337,wavelet-HLL_glcm_Correlation,0.310491404578702,0.4073475135670019
338,wavelet-HHL_glcm_Idm,0.3130349788310928,0.4298546882049754
117,wavelet-HHL_glcm_Id,0.31335245747892376,0.43528241347673485
426,wavelet-HHL_glcm_JointEnergy,0.31377166153564073,0.36540932514794733
39,wavelet-HLH_glcm_JointEnergy,0.314123979307575,1.7145514289347021
211,wavelet-HLL_glrlm_RunLengthNonUniformity,0.3161743868583816,0.3954568246844888
490,wavelet-LHL_glrlm_LongRunHighGrayLevelEmphasis,0.3167531083932441,0.46584413273470876
547,wavelet-LLL_glszm_SmallAreaLowGrayLevelEmphasis,0.31824605664011024,-0.5090072405170403
240,wavelet-LHL_gldm_LargeDependenceEmphasis,0.32525455667897163,0.40902228657669903
356,wavelet-LHL_gldm_LargeDependenceHighGrayLevelEmphasis,0.3257971481943354,0.41302422459184585
456,wavelet-LLL_gldm_SmallDependenceLowGrayLevelEmphasis,0.3276574843894694,-0.44973648890118917
345,wavelet-LHL_glcm_Idm,0.3292823849545044,0.3811799826978896
85,wavelet-HLL_ngtdm_Coarseness,0.3300332069468185,-0.6621146535361898
582,wavelet-LHL_glcm_Id,0.330743858460644,0.37908783729180806
42,wavelet-HLL_glrlm_GrayLevelVariance,0.3308489395948652,0.7028822038949009
315,wavelet-HHL_glcm_MCC,0.33356035145544033,-0.4861033777180039
535,wavelet-HHL_glrlm_GrayLevelVariance,0.334136794714928,-0.4168655476322225
331,wavelet-LLH_glrlm_RunLengthNonUniformityNormalized,0.33612834959566573,0.3999182972213135
234,wavelet-LLH_glszm_ZoneEntropy,0.33705430378814855,0.5654633157716745
248,wavelet-HHL_glcm_Contrast,0.3371938654859308,-0.45302928770772416
401,wavelet-HHL_gldm_LargeDependenceEmphasis,0.33872198671734577,0.44462266705409054
494,wavelet-HHL_gldm_DependenceEntropy,0.3396244731940168,-0.5354643872091548
366,wavelet-HHL_ngtdm_Coarseness,0.3398479380126034,-0.6915020682502805
355,wavelet-LLH_glrlm_ShortRunEmphasis,0.3437134110819432,0.43850076264527976
156,wavelet-LHL_glrlm_RunPercentage,0.3467925173374624,-0.4288464923614669
563,wavelet-HHH_glszm_SmallAreaHighGrayLevelEmphasis,0.3474743124062668,0.4282247958471002
471,wavelet-HLH_glcm_DifferenceAverage,0.34765377096277683,-0.7432541338713781
520,wavelet-LHH_glcm_Idn,0.3495007724887981,0.45856811916000684
417,wavelet-LHH_glrlm_ShortRunLowGrayLevelEmphasis,0.35038630632649703,-0.41434812238817015
241,wavelet-LLL_gldm_DependenceEntropy,0.35042089924401,0.3831827598286945
462,wavelet-HHL_glcm_DifferenceVariance,0.35087508980043147,-0.41522221056417724
553,wavelet-LLH_glszm_GrayLevelVariance,0.3514504481050621,0.37423521998761733
115,wavelet-LHH_glszm_SmallAreaEmphasis,0.3515863549938114,0.3388159476479727
270,wavelet-HHL_glcm_SumSquares,0.3532953705296602,-0.4253063099029228
329,wavelet-HLL_glszm_LargeAreaHighGrayLevelEmphasis,0.35367826195471663,0.3682505312158295
1,wavelet-LHL_glcm_Idmn,0.3541598315171951,0.43317101693270177
23,wavelet-HHL_glrlm_RunPercentage,0.3551283030629344,-0.45091152888054015
130,wavelet-LHH_glcm_DifferenceAverage,0.3564841477088414,-0.6410219160338679
452,wavelet-HHL_glcm_JointEntropy,0.358710389375545,-0.4151135434536369
41,wavelet-LHL_glrlm_RunLengthNonUniformityNormalized,0.35882600650653285,-0.43119468139662265
438,wavelet-HHL_glcm_DifferenceEntropy,0.35917371191171865,-0.46441383292385996
381,wavelet-HLL_glcm_ClusterTendency,0.35949877360984706,0.418273818499348
399,wavelet-LHL_glcm_DifferenceVariance,0.3603389474678915,-0.4487806979022084
107,wavelet-LLL_ngtdm_Complexity,0.36114535470394493,0.4422332415878531
480,wavelet-HHL_gldm_GrayLevelVariance,0.36174258083793953,-0.4167823797437682
123,wavelet-LLH_glrlm_RunPercentage,0.36235393554852013,0.3731653845560366
27,wavelet-LHL_glcm_DifferenceEntropy,0.36369786855063324,-0.4634636583350895
346,wavelet-LLH_glszm_GrayLevelNonUniformityNormalized,0.3648393471202499,-0.37620294917371305
259,wavelet-HLH_glrlm_ShortRunEmphasis,0.36573155004198843,-0.5681416625830731
192,wavelet-HHH_glszm_SmallAreaLowGrayLevelEmphasis,0.37139129670761784,0.3042549830710425
298,wavelet-HHL_glcm_ClusterTendency,0.3723145102934009,-0.40635277285735893
305,wavelet-LLH_glrlm_GrayLevelNonUniformityNormalized,0.37260789438083897,-0.8673738361778633
260,wavelet-HHH_glszm_LargeAreaHighGrayLevelEmphasis,0.37317642610961343,-0.5652661692623281
443,wavelet-LLL_glrlm_RunEntropy,0.37446442334458674,0.4537881127045178
254,wavelet-HLL_glcm_ClusterProminence,0.37460155570668807,0.7303260257883926
289,wavelet-LLL_ngtdm_Contrast,0.37631768653607933,-0.35771821789272656
36,wavelet-HHH_glszm_GrayLevelNonUniformityNormalized,0.3791023361873723,0.5204614486388056
76,wavelet-LHH_glcm_Idm,0.3793598716627513,0.4970222122937254
163,wavelet-LLL_gldm_DependenceNonUniformity,0.3796585277890092,0.3371399147034667
94,wavelet-LHL_gldm_SmallDependenceEmphasis,0.38136717383617136,-0.5403850846549473
556,wavelet-LHL_ngtdm_Coarseness,0.3819174489342728,-0.5835873129875326
550,wavelet-LHL_glrlm_ShortRunEmphasis,0.382282066330382,-0.40871902874996285
451,wavelet-HLH_glszm_SizeZoneNonUniformity,0.38237956252720673,0.39749296083727576
160,wavelet-LHH_gldm_LargeDependenceHighGrayLevelEmphasis,0.38297715860252235,0.39397583413937354
273,wavelet-HLH_glcm_Idm,0.38442254404591136,0.5058603443625229
64,wavelet-HHH_glszm_LargeAreaEmphasis,0.38446946922997816,-0.5514347296221859
539,wavelet-HHL_gldm_LargeDependenceHighGrayLevelEmphasis,0.38628898201253514,0.6582206109934982
65,wavelet-LLL_glcm_Idn,0.3864238956248752,0.4114761780198234
301,wavelet-LLH_gldm_LargeDependenceEmphasis,0.3865084043372239,-0.3585430571398637
131,wavelet-LHH_glcm_Id,0.3889591132061869,0.4438924382142902
477,wavelet-HHH_glszm_LargeAreaLowGrayLevelEmphasis,0.389506210489702,-0.5448650298643976
0,wavelet-LHL_glcm_Contrast,0.3912536263472881,-0.4254665624733705
466,wavelet-HHH_glcm_SumEntropy,0.3922688186862582,0.8049626449027794
51,wavelet-LHH_glcm_Idmn,0.39267853368161443,0.3522688199535089
391,wavelet-HHL_glcm_SumEntropy,0.3929240911024525,-0.4298545863002888
458,wavelet-LLH_glcm_ClusterShade,0.3931540312495121,-0.4603756169693741
147,wavelet-LHL_glszm_LargeAreaHighGrayLevelEmphasis,0.3931864025659362,0.40444615561512853
507,wavelet-LHH_glszm_GrayLevelNonUniformityNormalized,0.39389370508416977,0.6558125631644043
276,wavelet-HLL_glcm_SumEntropy,0.3957368828798208,0.4091029977425972
71,wavelet-LHL_glrlm_GrayLevelNonUniformityNormalized,0.3965988980958234,0.3523010638999862
101,wavelet-LHL_glrlm_GrayLevelVariance,0.3976932024900215,-0.4198432920328525
488,wavelet-HLH_glcm_Id,0.3978616410677259,0.4399950197109915
335,wavelet-HLL_gldm_GrayLevelVariance,0.3984737157522571,0.3630301578280652
253,wavelet-LHL_gldm_DependenceNonUniformityNormalized,0.3996605643477962,-0.43352040928822083
80,wavelet-LHL_glcm_Correlation,0.4012597368555123,0.38582433014796064
396,wavelet-LHL_glcm_DifferenceAverage,0.40318151532346125,-0.44267565310660045
481,wavelet-LHH_glcm_ClusterShade,0.4094192159305988,0.7166447112349914
162,wavelet-LHH_glrlm_LowGrayLevelRunEmphasis,0.4105277279432775,-0.36010023942977853
361,wavelet-HLL_glszm_ZoneVariance,0.4141555489858645,-0.3638427920828315
343,wavelet-HLL_glszm_LargeAreaEmphasis,0.41443278843207976,-0.3642326558840216
212,wavelet-HHL_glrlm_ShortRunEmphasis,0.4144922178886109,-0.3846630892897389
3,wavelet-HLH_gldm_GrayLevelVariance,0.41486073562337,-32.4039203237165
122,wavelet-LHL_glrlm_RunLengthNonUniformity,0.4192772438676494,0.333669010295075
214,wavelet-LLH_glrlm_GrayLevelNonUniformity,0.41987166165211076,0.3204405667730556
209,wavelet-LHL_glcm_JointEnergy,0.4226418626616989,0.2928162769102261
387,wavelet-HLL_glcm_SumSquares,0.42526059854775344,0.3557633941733974
181,wavelet-HLL_glcm_DifferenceVariance,0.4270530552775079,0.5756542845404282
60,wavelet-HHH_glszm_LowGrayLevelZoneEmphasis,0.42757921621029915,-0.42540147803919853
152,wavelet-LLH_gldm_GrayLevelVariance,0.4284163049882309,0.629904183245979
245,wavelet-LLH_glszm_SmallAreaEmphasis,0.4285166234984884,0.3861264507549948
357,wavelet-LHH_glcm_InverseVariance,0.4293387752891996,-0.32814894225064456
292,wavelet-LHH_ngtdm_Contrast,0.4298141666028914,-0.2918522494293682
255,wavelet-LLL_glrlm_LongRunHighGrayLevelEmphasis,0.43239805380964735,0.39011422207857493
327,wavelet-LHH_gldm_LowGrayLevelEmphasis,0.4325611884133387,-0.3534869826905729
167,wavelet-LLL_glcm_Correlation,0.43316349400181675,0.37516322519721423
128,wavelet-LHL_gldm_GrayLevelVariance,0.4333415479826215,-0.39184127223763654
127,wavelet-LHL_glcm_JointEntropy,0.4343796953313197,-0.3299171067610163
445,wavelet-LHH_glrlm_LongRunLowGrayLevelEmphasis,0.43530535226124656,-0.3852625416896913
557,wavelet-HLH_glszm_ZonePercentage,0.438829850983535,-1.0488138243343232
525,wavelet-LLH_ngtdm_Coarseness,0.44155692026898496,-0.45910686834502124
86,wavelet-LLH_glrlm_GrayLevelVariance,0.44210551633914275,0.5830558837513717
403,wavelet-LLH_glszm_ZonePercentage,0.4446175469128971,-1.8172232047970254
324,wavelet-HLL_glcm_InverseVariance,0.4455185544740595,-0.4401760221595358
169,wavelet-LHL_glszm_GrayLevelNonUniformity,0.44603252500930046,0.2994365797140185
516,wavelet-LHL_gldm_DependenceVariance,0.4462840961041942,0.47059151038316904
219,wavelet-LLL_ngtdm_Coarseness,0.45174207791292653,-0.4085996095312819
341,wavelet-LHL_gldm_GrayLevelNonUniformity,0.4541939433405714,0.2758990066733065
175,wavelet-LLL_glszm_LargeAreaLowGrayLevelEmphasis,0.4548910026194133,-0.5464868913951627
194,wavelet-HHL_glrlm_RunLengthNonUniformityNormalized,0.45505577341487913,-0.3747042502093121
228,wavelet-HHH_glszm_GrayLevelVariance,0.45936927479700607,-1.267671331424519
496,wavelet-HLH_glszm_SizeZoneNonUniformityNormalized,0.4598468611632318,-0.3006463554765328
67,wavelet-LHL_glrlm_ShortRunLowGrayLevelEmphasis,0.46189019467762493,-0.4192875748038948
114,wavelet-LHL_glcm_Autocorrelation,0.4622619783358387,0.38527125785055866
201,wavelet-HLH_gldm_SmallDependenceEmphasis,0.46370249578046296,-0.7405993367193613
279,wavelet-LHL_glcm_SumSquares,0.4646139416788634,-0.3653505473848613
321,wavelet-LHL_glszm_GrayLevelNonUniformityNormalized,0.46549690243430897,0.31403950700615585
200,wavelet-HHL_glrlm_GrayLevelNonUniformity,0.4683575848669269,0.24856350775292377
588,wavelet-LHH_gldm_SmallDependenceLowGrayLevelEmphasis,0.47016181147713587,-0.41305128420029674
210,wavelet-LLH_glcm_MaximumProbability,0.47034834262063463,-0.4611080219445316
374,wavelet-LHL_gldm_HighGrayLevelEmphasis,0.4717434637087018,0.3769200241154831
485,wavelet-LHL_glcm_MCC,0.47252762155606565,-0.3808941107194511
386,wavelet-HHH_glrlm_RunLengthNonUniformity,0.47297995055438125,0.28262884052471116
306,wavelet-LHL_glszm_SizeZoneNonUniformity,0.4736512111446918,0.3299560712274927
61,wavelet-HHL_glszm_SmallAreaEmphasis,0.47550841904787455,0.38392814586290114
47,wavelet-HLL_glcm_JointEntropy,0.4756486502829531,0.3263026310495108
492,wavelet-LHL_glrlm_HighGrayLevelRunEmphasis,0.47638050938251963,0.3710849736222597
72,wavelet-LHL_glrlm_GrayLevelNonUniformity,0.4765609558588064,0.2573773480614027
536,wavelet-HHL_gldm_GrayLevelNonUniformity,0.47783845753116816,0.24053196865401172
498,wavelet-LLH_glcm_DifferenceAverage,0.47829920374165225,0.32911367320242446
120,wavelet-LLH_glcm_Idm,0.48066456456560913,-0.3279174293937006
459,wavelet-LLL_glcm_Imc2,0.4811670414380256,0.3842273098335342
141,wavelet-LLH_glcm_Id,0.48207081681865127,-0.3272254785933881
597,wavelet-HHH_ngtdm_Coarseness,0.48236720471928296,-0.41065984684258716
541,wavelet-LLL_glcm_Imc1,0.48284246477095094,-0.35364517429748166
358,wavelet-HLH_glrlm_RunLengthNonUniformity,0.4847301266952534,0.2776353624849654
463,wavelet-LHL_glcm_ClusterShade,0.4849408985263507,-0.8133851505160347
18,wavelet-HHL_glrlm_RunEntropy,0.48586421408280256,-0.32758416388917616
272,wavelet-HLH_ngtdm_Coarseness,0.48683873950815504,-0.39894024740436074
20,wavelet-LLL_gldm_LargeDependenceHighGrayLevelEmphasis,0.4896742641852778,0.32800860452885816
244,wavelet-LLH_glszm_SizeZoneNonUniformityNormalized,0.4904339122843363,0.3231041874122089
180,wavelet-LLL_glcm_SumEntropy,0.4905549854097562,0.26828038274015026
280,wavelet-LLL_glcm_JointAverage,0.4918379304200099,0.3602872343091615
44,wavelet-LLL_glcm_SumAverage,0.49183793042001067,0.360287234309161
283,wavelet-HHH_glrlm_GrayLevelNonUniformity,0.4955252182545773,0.2642320542906599
59,wavelet-LHL_glcm_JointAverage,0.49635287466094935,0.32325347133623267
482,wavelet-LHL_glcm_SumAverage,0.4963528746609499,0.32325347133623245
408,wavelet-HHL_gldm_SmallDependenceLowGrayLevelEmphasis,0.4970985567628595,-0.3564836750367743
428,wavelet-LLL_glcm_MCC,0.4972013451739177,0.30518812850778465
339,wavelet-HLH_ngtdm_Busyness,0.5009107717708265,0.2642970563229321
340,wavelet-LLH_glcm_Imc2,0.5009547793465432,-0.34104909472592854
587,wavelet-HHH_ngtdm_Busyness,0.5032744152154166,0.2578453086436534
478,wavelet-HLH_glrlm_GrayLevelNonUniformity,0.504781306848625,0.26106018545836707
538,wavelet-HHL_glszm_SizeZoneNonUniformity,0.5077483209284341,0.276208785359116
191,wavelet-HLH_glcm_InverseVariance,0.5082430239231746,-0.2501656012816294
143,wavelet-HHL_glcm_MaximumProbability,0.5096386345303149,0.29401035681644866
437,wavelet-LHH_glrlm_GrayLevelNonUniformity,0.5115357486296097,0.2572182458627095
464,wavelet-LHL_gldm_SmallDependenceLowGrayLevelEmphasis,0.5137033297503177,-0.2906656122873397
326,wavelet-HLL_glrlm_GrayLevelNonUniformityNormalized,0.5144272188913903,-0.3028564984312113
70,wavelet-HHL_glszm_GrayLevelNonUniformityNormalized,0.5145363547832158,0.28456591075726695
379,wavelet-HHH_gldm_GrayLevelNonUniformity,0.5149455152485238,0.25159942879029656
10,wavelet-HLH_gldm_GrayLevelNonUniformity,0.515188332569477,0.25143396335298435
56,wavelet-HLH_glcm_JointEntropy,0.5153243931047022,-0.4223483733863403
484,wavelet-HHH_glszm_HighGrayLevelZoneEmphasis,0.5153906088996278,0.5615202023616683
186,wavelet-LLL_glszm_HighGrayLevelZoneEmphasis,0.5155142126410446,0.34492531279282573
360,wavelet-LHH_gldm_GrayLevelNonUniformity,0.5157034174367109,0.25112850847620544
282,wavelet-HLL_glszm_GrayLevelNonUniformity,0.5178404274836161,0.26367437895336826
595,wavelet-LHH_glrlm_RunLengthNonUniformity,0.5186197598691928,0.25925523507019266
146,wavelet-LHH_glcm_Correlation,0.521274932063635,0.28403200246029353
188,wavelet-LLH_gldm_GrayLevelNonUniformity,0.5221834381971242,0.24713804306364487
411,wavelet-LHH_glrlm_RunLengthNonUniformityNormalized,0.524227578541104,-0.46300926903926
354,wavelet-LHL_glszm_ZonePercentage,0.5284594573531372,-0.41611938581072466
310,wavelet-HHL_glszm_ZoneVariance,0.5306400518922603,-0.6039407144440374
57,wavelet-LLH_glcm_DifferenceEntropy,0.5319946642822818,0.32352918717843654
348,wavelet-HHH_gldm_SmallDependenceHighGrayLevelEmphasis,0.5340429476698398,-1.9345184328635978
159,wavelet-HHL_glrlm_RunLengthNonUniformity,0.538434694248614,0.26899048211209864
594,wavelet-LHH_glszm_ZonePercentage,0.5401070472846647,-1.2132022916336356
311,wavelet-HLL_glszm_ZonePercentage,0.5418212751539,0.2855945611435612
350,wavelet-HLL_glcm_DifferenceEntropy,0.5425334706343248,0.3195093014385327
108,wavelet-LLH_glcm_JointEntropy,0.5435499777322316,0.4137096676551033
109,wavelet-LHL_glszm_HighGrayLevelZoneEmphasis,0.5438657529771882,0.30133825694518296
412,wavelet-LHH_ngtdm_Coarseness,0.5448039342336743,-0.37837078326774476
505,wavelet-HHL_gldm_DependenceNonUniformity,0.5454566699286925,0.20253105568446403
439,wavelet-HLL_glcm_Contrast,0.5466610940796791,0.26874073076078087
571,wavelet-HHL_glcm_ClusterProminence,0.5466909222441896,-0.3337368458672008
316,wavelet-HLH_glcm_ClusterTendency,0.5472381503763366,0.22982895546920096
566,wavelet-HLH_glcm_ClusterProminence,0.5478964734346584,0.22755551722905373
303,wavelet-LLH_glszm_LargeAreaLowGrayLevelEmphasis,0.54899484336583,-0.2745106556935355
596,wavelet-LHH_ngtdm_Busyness,0.5519757102350087,0.23282163108177542
599,wavelet-LHL_glszm_SmallAreaEmphasis,0.553062526752536,0.2965606936891871
369,wavelet-LLH_glcm_Imc1,0.5532313815571429,0.33683382164004394
296,wavelet-LHH_glrlm_RunPercentage,0.5536457718205494,-0.41869295467394546
95,wavelet-LLH_glcm_InverseVariance,0.5544360227365814,0.275099782104813
304,wavelet-LHL_glcm_ClusterTendency,0.5574290039117561,-0.28059133241876333
138,wavelet-LHL_glcm_SumEntropy,0.5580619907915645,-0.27104524913882566
353,wavelet-HHL_ngtdm_Contrast,0.5584044344905617,-0.2605107375133015
449,wavelet-HLL_gldm_DependenceNonUniformity,0.5590956113774563,0.2214667353949987
564,wavelet-LHH_gldm_LargeDependenceEmphasis,0.5601415712953052,0.3767047245596284
16,wavelet-LHL_glcm_MaximumProbability,0.5606558197655613,0.25274816243065235
17,wavelet-LLH_glcm_SumSquares,0.5612300495144142,0.4487751112979713
157,wavelet-HHH_glcm_JointAverage,0.5614008517696889,0.5868300039591717
35,wavelet-HHH_glcm_SumAverage,0.5614008517697244,0.5868300039591187
589,wavelet-HLL_glcm_Imc1,0.5624943771218244,-0.4084640894098808
427,wavelet-HLH_glrlm_RunLengthNonUniformityNormalized,0.5652610007102641,-0.3812666216894015
262,wavelet-HLH_glrlm_LongRunEmphasis,0.5661019904285596,0.28057526770273644
318,wavelet-HLH_glcm_Correlation,0.56868841424935,0.24725176223683748
521,wavelet-HLH_glcm_MCC,0.5751641410595569,-0.27522394281733353
93,wavelet-HLH_gldm_SmallDependenceHighGrayLevelEmphasis,0.575396389384571,-4.258242586509286
592,wavelet-HHH_glrlm_LongRunLowGrayLevelEmphasis,0.5756457617950739,-0.22007829975336826
441,wavelet-HLH_gldm_LargeDependenceEmphasis,0.5787091624397007,0.3273617448316204
21,wavelet-LLL_glcm_JointEntropy,0.5789708726287581,0.2121661355152233
195,wavelet-LHH_glrlm_GrayLevelNonUniformityNormalized,0.5818694617981448,2.3073556417734435
317,wavelet-LHH_glcm_ClusterProminence,0.582587159404882,-1.9435380935103534
442,wavelet-LLL_glrlm_HighGrayLevelRunEmphasis,0.5827400902590729,0.3196815866387917
90,wavelet-LLL_gldm_HighGrayLevelEmphasis,0.583111431309125,0.3203230933460021
347,wavelet-LHL_ngtdm_Complexity,0.5832538386002968,0.37789031469593526
392,wavelet-HLH_glrlm_RunPercentage,0.5851951199026371,-0.3461575873743715
531,wavelet-LHL_glrlm_ShortRunHighGrayLevelEmphasis,0.5868268071581657,0.2817736856701445
470,wavelet-LLH_gldm_DependenceEntropy,0.5868491988798116,0.3911062821222744
137,wavelet-HLL_glcm_JointEnergy,0.5884913643203941,-0.2565628139912823
395,wavelet-HHH_glcm_ClusterProminence,0.590187882649774,-2.079736002433692
405,wavelet-LLH_glcm_Correlation,0.5903370993909172,-0.2920413620760031
235,wavelet-LLH_gldm_SmallDependenceHighGrayLevelEmphasis,0.5910491489361165,-1.9177855083924775
275,wavelet-LHL_glrlm_LongRunEmphasis,0.591209961396627,0.2418862527397442
133,wavelet-HHL_glcm_Idn,0.5915015687443701,0.33732208888896564
40,wavelet-LLH_gldm_DependenceNonUniformity,0.5938090406139789,0.19470322085131328
126,wavelet-LLL_glcm_Autocorrelation,0.5952260862561652,0.31126973618516285
493,wavelet-LHH_gldm_SmallDependenceEmphasis,0.5956736566010792,-0.7574200052237228
230,wavelet-HLL_glcm_DifferenceAverage,0.5966326622077109,0.2892756217447197
508,wavelet-HLH_gldm_DependenceNonUniformity,0.5971663055864779,0.20580828835647721
567,wavelet-LLH_glcm_SumEntropy,0.5983781909824382,0.3693067069942925
433,wavelet-HLL_glrlm_LongRunEmphasis,0.6004628818559938,-0.22812641117020205
174,wavelet-LLL_glrlm_GrayLevelNonUniformityNormalized,0.6015053024109991,-0.20584603917398944
342,wavelet-LLH_glcm_Contrast,0.6015190346465618,-1.289873276659828
526,wavelet-LHH_glrlm_ShortRunEmphasis,0.6036185193358807,-0.36544151371306677
501,wavelet-LHL_glrlm_RunVariance,0.6047737797471695,0.22996835617014283
151,wavelet-LHH_glrlm_GrayLevelVariance,0.6048729518163682,-2.646261693491564
543,wavelet-LHH_glcm_SumSquares,0.6053005752446247,-3.802450657206084
559,wavelet-LLL_glszm_LargeAreaEmphasis,0.6074495207094683,-0.215489404273125
132,wavelet-LLL_glszm_ZoneVariance,0.6076848682576563,-0.21485874851351047
515,wavelet-LHH_gldm_DependenceNonUniformity,0.6077758229830557,0.19960678239476867
13,wavelet-HLL_glcm_Imc2,0.6092979964300811,0.23621080384065324
495,wavelet-LLH_glcm_DifferenceVariance,0.6103099891948183,-1.174333362958684
551,wavelet-LHH_glszm_LargeAreaLowGrayLevelEmphasis,0.6120981247197643,-0.25218387831998174
419,wavelet-LLH_glrlm_LongRunEmphasis,0.6135631642435916,-0.2585383778576963
224,wavelet-LHL_gldm_DependenceNonUniformity,0.614150126873154,0.19929797215136097
540,wavelet-LHH_glrlm_LongRunHighGrayLevelEmphasis,0.6141784468067422,0.2533245110404942
15,wavelet-HHL_glcm_Idmn,0.6148065359409309,0.22173363006254027
189,wavelet-HHL_gldm_LargeDependenceLowGrayLevelEmphasis,0.6155757755287067,0.341760957323698
208,wavelet-HLH_glrlm_LongRunLowGrayLevelEmphasis,0.6169478111020804,0.2416496051625975
145,wavelet-LLL_glrlm_LongRunLowGrayLevelEmphasis,0.6185768984740003,-0.2647371023523526
378,wavelet-LLL_glrlm_ShortRunHighGrayLevelEmphasis,0.6212307334642176,0.28657810344778095
124,wavelet-HHH_gldm_DependenceNonUniformity,0.6218879359127761,0.1865306528340661
440,wavelet-HLL_gldm_DependenceVariance,0.6240973153484757,0.3013866900330041
352,wavelet-LLH_glszm_LargeAreaHighGrayLevelEmphasis,0.6244195822121914,0.24715519071052608
479,wavelet-LHH_glszm_LowGrayLevelZoneEmphasis,0.6246992910615212,0.25092008150278117
461,wavelet-LHH_glszm_LargeAreaEmphasis,0.6269613740720432,-0.2415547692516453
187,wavelet-LHH_gldm_GrayLevelVariance,0.6351416349064243,-4.062060292472456
371,wavelet-LHH_glrlm_RunEntropy,0.6386729704175129,0.23148620394226263
193,wavelet-HLL_gldm_SmallDependenceEmphasis,0.6399266164718374,0.20982810374755367
499,wavelet-LHL_glszm_ZoneEntropy,0.6409383937254359,0.17509682598262405
294,wavelet-HHH_glcm_ClusterShade,0.6430297939102603,0.45614100161871174
223,wavelet-HLL_glrlm_GrayLevelNonUniformity,0.6437329468142914,0.17957815376261632
239,wavelet-HHL_glszm_ZoneEntropy,0.6454599182348311,-0.2806639026448397
78,wavelet-LHH_gldm_SmallDependenceHighGrayLevelEmphasis,0.6467141139871326,-1.0005208824472023
368,wavelet-HHH_glrlm_LongRunHighGrayLevelEmphasis,0.6472229827583804,-0.1855930938424823
460,wavelet-HHL_glrlm_RunVariance,0.6482478055993488,0.20619444785614452
533,wavelet-LHH_glszm_ZoneVariance,0.6538733738246401,-0.21111405971982533
497,wavelet-HHL_glszm_SmallAreaHighGrayLevelEmphasis,0.6564937750193427,0.24460639241886192
489,wavelet-HHH_glcm_Idn,0.656806387260836,0.38247912803640627
295,wavelet-LLL_glszm_SizeZoneNonUniformity,0.656921950742545,0.17611349173839266
457,wavelet-HHH_gldm_LowGrayLevelEmphasis,0.6589292685305177,-0.45268643394547287
518,wavelet-HLH_ngtdm_Contrast,0.659106916157141,-0.17761282301523
247,wavelet-LHH_glrlm_HighGrayLevelRunEmphasis,0.6592199184598083,0.3480135148801435
576,wavelet-LHL_glszm_SmallAreaHighGrayLevelEmphasis,0.6596434388120824,0.24393769088093445
34,wavelet-HLH_glcm_Idn,0.6602765599067775,0.2016234673648
465,wavelet-LHH_gldm_LargeDependenceLowGrayLevelEmphasis,0.6610861662352492,-0.23013081139919667
55,wavelet-LHH_glcm_Autocorrelation,0.66314642368337,0.34428412284639315
537,wavelet-LLH_glrlm_RunVariance,0.6640809026862846,-0.2068885565093343
573,wavelet-LLH_gldm_DependenceNonUniformityNormalized,0.6654726981066995,-0.26197485074462024
288,wavelet-LLH_glcm_MCC,0.6660431763439773,-0.2420897607832262
6,wavelet-LHH_glszm_LargeAreaHighGrayLevelEmphasis,0.6679043966543696,-0.20787483809557686
312,wavelet-HHL_glszm_SmallAreaLowGrayLevelEmphasis,0.6686778938798896,0.15186712167637842
367,wavelet-HLH_glcm_Imc2,0.6688738878454141,-0.20198617395358417
229,wavelet-LHH_gldm_HighGrayLevelEmphasis,0.6702857723227547,0.3390234127600069
376,wavelet-HLL_glcm_Idm,0.6709251990593692,-0.19694130588722245
135,wavelet-HLH_glrlm_ShortRunHighGrayLevelEmphasis,0.6710899984274933,-0.24133573375494652
414,wavelet-LLL_ngtdm_Strength,0.673910085934861,-0.19741825232194785
182,wavelet-HHL_glszm_HighGrayLevelZoneEmphasis,0.6759977553934612,0.28944899223812376
584,wavelet-HHL_glrlm_LongRunHighGrayLevelEmphasis,0.6766292786865682,0.1974495474430089
250,wavelet-HLH_gldm_LargeDependenceLowGrayLevelEmphasis,0.6770927099541839,0.21094698253785452
227,wavelet-HLH_glrlm_RunEntropy,0.6791802862962947,0.19861748419694797
473,wavelet-LLH_glcm_JointEnergy,0.679192440909596,-0.29404279554072177
166,wavelet-HHH_glrlm_ShortRunHighGrayLevelEmphasis,0.6793288996756974,-1.1112832402924726
242,wavelet-LLL_ngtdm_Busyness,0.679743825989362,0.17480410839374239
552,wavelet-HLL_glcm_Id,0.6802403305417886,-0.1975404018169345
299,wavelet-HLL_glrlm_RunVariance,0.6813364039611026,-0.1739158014232684
510,wavelet-LLL_gldm_LargeDependenceLowGrayLevelEmphasis,0.6831928170953023,-0.20999437088977432
236,wavelet-LHL_glszm_SmallAreaLowGrayLevelEmphasis,0.6840474273857482,-0.19763897936049862
359,wavelet-LLL_glrlm_GrayLevelNonUniformity,0.6859025460776746,0.16749841605002713
154,wavelet-HHL_glrlm_LongRunEmphasis,0.6864936171105702,0.1892415630780727
252,wavelet-LHL_glszm_LowGrayLevelZoneEmphasis,0.687612842109985,-0.1509798066879371
383,wavelet-HHH_glszm_ZonePercentage,0.6912931171606957,-0.36176295375745343
394,wavelet-HHL_ngtdm_Strength,0.6924394459932439,-0.2804659922938207
351,wavelet-LLL_glszm_SizeZoneNonUniformityNormalized,0.6928643433493873,-0.2035768385272373
14,wavelet-HLH_glcm_Idmn,0.6933080904743647,0.1736060877845234
38,wavelet-HHL_gldm_SmallDependenceHighGrayLevelEmphasis,0.6938076362750628,-0.1966480686098721
81,wavelet-HLH_glcm_SumEntropy,0.6971236101548386,0.16077393208359483
119,wavelet-LLH_glrlm_RunEntropy,0.6993279957565097,-0.1821196465990159
204,wavelet-LHL_glrlm_LongRunLowGrayLevelEmphasis,0.7020136317565869,-0.17611093756993326
432,wavelet-HLH_glszm_LowGrayLevelZoneEmphasis,0.7033537873326576,-0.19842322953011066
106,wavelet-LLL_glszm_GrayLevelVariance,0.7045337879895113,0.15800451725790055
389,wavelet-LLH_ngtdm_Strength,0.7135460245658183,0.3424671856948643
527,wavelet-HHH_gldm_HighGrayLevelEmphasis,0.7142300735454055,-2.4046322605687696
269,wavelet-HHH_glcm_SumSquares,0.7146694508197847,-4.335050325634624
585,wavelet-HHH_glcm_Autocorrelation,0.7147051951455055,-2.0523851775199686
375,wavelet-HHL_glszm_LargeAreaLowGrayLevelEmphasis,0.7164500021472046,0.3700496445653505
431,wavelet-LLH_glcm_ClusterTendency,0.7176882389017165,0.2824372803582141
583,wavelet-LHH_glcm_SumEntropy,0.7181954756763236,0.38814629180200133
581,wavelet-LLH_glcm_ClusterProminence,0.720283263693905,-4.372231894381316
421,wavelet-LHL_ngtdm_Strength,0.7203832573845987,-0.21577442924305223
569,wavelet-LLL_glcm_JointEnergy,0.7228449720051797,-0.17532068052924754
446,wavelet-LLH_ngtdm_Complexity,0.7234346171113297,-0.6492814682052703
486,wavelet-HLL_glrlm_ShortRunEmphasis,0.7278883081412307,0.1466199746540999
97,wavelet-HLH_glcm_DifferenceEntropy,0.7278956815622859,-0.21292424784530198
524,wavelet-HHL_glcm_Autocorrelation,0.7337056031974422,0.22964558445570032
168,wavelet-LLH_gldm_SmallDependenceEmphasis,0.7340634437371474,0.15836880336100495
325,wavelet-LHH_glszm_GrayLevelVariance,0.7351299470030248,0.2581352718481674
218,wavelet-HLL_gldm_GrayLevelNonUniformity,0.7357925874622993,0.12625237241958207
323,wavelet-HHH_glrlm_LongRunEmphasis,0.7379296945702188,-0.15586191069309016
29,wavelet-HLH_glrlm_HighGrayLevelRunEmphasis,0.7381986239653364,-0.17171680218719196
179,wavelet-LHH_glcm_JointEntropy,0.7386320235943704,-0.6242349227592687
4,wavelet-HLH_gldm_HighGrayLevelEmphasis,0.7400310265419394,-0.17105835883074033
580,wavelet-HHH_gldm_GrayLevelVariance,0.7426419992054365,-4.833680908367986
362,wavelet-HLH_glszm_SmallAreaEmphasis,0.7443727567405525,0.12125657443131098
225,wavelet-HLL_glrlm_RunPercentage,0.7448348293994247,0.13900837142441483
28,wavelet-HLH_glcm_SumAverage,0.7454802232797009,-0.16648916947402478
307,wavelet-HLH_glcm_JointAverage,0.7454802232797009,-0.16648916947402465
320,wavelet-LLL_glcm_ClusterTendency,0.7457710533772077,0.1459530169895823
266,wavelet-HHH_gldm_LargeDependenceEmphasis,0.7480475654433982,0.18689274821155089
390,wavelet-LHH_gldm_DependenceEntropy,0.7483305294216052,0.20605489121234946
83,wavelet-HLL_glrlm_RunLengthNonUniformityNormalized,0.7486462940640283,0.13879059278259942
598,wavelet-HLH_glcm_Autocorrelation,0.7491681946415254,-0.1631717473612004
398,wavelet-HHL_gldm_HighGrayLevelEmphasis,0.7503354839855086,0.21274013179330176
410,wavelet-LHH_glszm_HighGrayLevelZoneEmphasis,0.7505490855931214,0.21627210892417983
88,wavelet-LLL_glcm_InverseVariance,0.750741123285671,-0.1577919822208026
190,wavelet-HHL_glrlm_HighGrayLevelRunEmphasis,0.7525481257886408,0.2102387230341621
400,wavelet-HHH_glcm_DifferenceVariance,0.7535736459236138,0.3674109733184845
286,wavelet-HHH_glrlm_GrayLevelNonUniformityNormalized,0.7537902710903497,5.81145719263339
413,wavelet-HLH_glcm_DifferenceVariance,0.75423876933595,-0.18442181609814104
555,wavelet-LHL_gldm_DependenceEntropy,0.7553962001709876,-0.16688065984527162
54,wavelet-LLL_glcm_SumSquares,0.7605815528592021,0.13451319150835134
476,wavelet-LHH_glcm_DifferenceVariance,0.7630981811545247,-0.5403931123104841
105,wavelet-LLH_ngtdm_Busyness,0.7638206209180278,-0.13967993263146547
454,wavelet-HLH_glcm_Imc1,0.7638717437807213,-0.1746189933371966
173,wavelet-LLL_glcm_MaximumProbability,0.7663781439705477,-0.1213776884553582
334,wavelet-LLL_glszm_SmallAreaHighGrayLevelEmphasis,0.7692823203721489,0.1597124607965054
434,wavelet-HHH_glrlm_RunPercentage,0.7698986394317313,-0.1758087121800878
26,wavelet-HHH_gldm_SmallDependenceLowGrayLevelEmphasis,0.7702594215245446,0.20707985424457132
308,wavelet-LLL_glcm_ClusterProminence,0.7705915765764291,0.1478757055619331
409,wavelet-LHL_gldm_LowGrayLevelEmphasis,0.7715908203354135,-0.10708607777845688
46,wavelet-LHL_glrlm_LowGrayLevelRunEmphasis,0.7727681780162907,-0.10712976171474928
455,wavelet-LHH_ngtdm_Strength,0.7737249535488023,0.27076435856478626
251,wavelet-LLL_gldm_GrayLevelNonUniformity,0.7740380452327452,0.11465863489796656
423,wavelet-HHH_glrlm_RunVariance,0.7757109443051025,-0.15711517483686235
435,wavelet-HHH_glszm_ZoneVariance,0.7802578979267782,0.18148172453754258
506,wavelet-HHH_glrlm_HighGrayLevelRunEmphasis,0.7819948376993751,-4.219264445631887
73,wavelet-HLL_glszm_SizeZoneNonUniformityNormalized,0.7860575198644315,0.14037359664493268
271,wavelet-HLH_glrlm_RunVariance,0.7891048935520029,0.1407925057682393
406,wavelet-LHH_glrlm_ShortRunHighGrayLevelEmphasis,0.7901040529466155,0.2531955923820232
221,wavelet-LHH_glrlm_LongRunEmphasis,0.7910951679275712,-0.14414150429224898
237,wavelet-HLL_gldm_LargeDependenceEmphasis,0.7928143914832713,-0.11764818873689291
500,wavelet-HHL_glcm_InverseVariance,0.8016707908310403,-0.14183192063268055
77,wavelet-HLL_glcm_MaximumProbability,0.8056621698610279,-0.12330317624444519
134,wavelet-HHH_ngtdm_Complexity,0.8078578445576499,-0.32842024704961775
161,wavelet-HHL_ngtdm_Busyness,0.8136952461422151,0.11530328330835189
491,wavelet-LLL_glrlm_GrayLevelVariance,0.8157803046037024,0.10428982262043938
31,wavelet-LLL_glcm_DifferenceEntropy,0.8191289571716494,0.10378329755122258
50,wavelet-LHH_glcm_JointEnergy,0.8200670523456849,-0.2838794420993992
2,wavelet-LHL_glszm_ZoneVariance,0.8245243993969178,-0.1280530326094759
170,wavelet-HHL_glszm_GrayLevelNonUniformity,0.8246324922736719,0.09547967001809865
111,wavelet-LHL_glszm_LargeAreaEmphasis,0.8247654738874548,-0.12810493640301177
344,wavelet-HHL_glszm_LargeAreaEmphasis,0.8254902457882678,0.19827042939231676
388,wavelet-LHH_gldm_DependenceNonUniformityNormalized,0.8269964569605881,-0.10811903069218806
503,wavelet-HHH_gldm_LargeDependenceHighGrayLevelEmphasis,0.8295047161367259,0.09691210913213127
199,wavelet-LLL_glszm_ZonePercentage,0.8300831992817139,-0.10867069566537886
74,wavelet-HLH_glcm_ClusterShade,0.8306731424924767,-0.12710458181693426
207,wavelet-HLH_glcm_MaximumProbability,0.8307144610848188,0.18004710812691688
246,wavelet-HLL_ngtdm_Strength,0.8307220339970436,0.12840561330164507
129,wavelet-HLH_glszm_GrayLevelVariance,0.8308890271166832,0.15649053684310174
177,wavelet-HHH_glrlm_RunLengthNonUniformityNormalized,0.8319815165322025,-0.1307016781073294
185,wavelet-LLL_glszm_LargeAreaHighGrayLevelEmphasis,0.8321107245763866,-0.13194444052968762
150,wavelet-LLL_glcm_ClusterShade,0.8325332708331095,-0.09952631644207909
277,wavelet-HHL_ngtdm_Complexity,0.8332234943997143,0.10895924313205252
96,wavelet-LHL_glcm_ClusterProminence,0.8434698291107289,-0.09980183341537557
530,wavelet-LHL_glszm_SizeZoneNonUniformityNormalized,0.8436357625367269,0.11642364476902671
534,wavelet-HHL_glrlm_LongRunLowGrayLevelEmphasis,0.844925790181841,0.12140742960636568
62,wavelet-LLL_gldm_DependenceNonUniformityNormalized,0.8461247465902548,0.0965512772862171
297,wavelet-LLL_gldm_SmallDependenceEmphasis,0.8478042828638974,-0.09182065553818841
264,wavelet-HHH_ngtdm_Strength,0.8512846507127771,-0.11000523564137316
198,wavelet-HHH_gldm_SmallDependenceEmphasis,0.8549638086306129,-0.14687543998475458
436,wavelet-HLH_gldm_LowGrayLevelEmphasis,0.8595538578026742,-0.11340285647592323
99,wavelet-LLL_gldm_GrayLevelVariance,0.8605274512783714,0.07848704024630321
37,wavelet-HLL_gldm_DependenceNonUniformityNormalized,0.8648786435059805,-0.11064148742420347
380,wavelet-HLH_glszm_LargeAreaHighGrayLevelEmphasis,0.8706605084069308,-0.08416782774693003
25,wavelet-HHL_glcm_SumAverage,0.8723048074086117,0.09154922296366548
274,wavelet-HHL_glcm_JointAverage,0.8723048074086124,0.09154922296366498
511,wavelet-HLH_ngtdm_Complexity,0.872472203823578,-0.08206178199062004
202,wavelet-LLL_glcm_Idm,0.875486710820591,-0.07005983246079237
104,wavelet-HHH_glrlm_ShortRunLowGrayLevelEmphasis,0.8756334001862207,0.06447100569210254
215,wavelet-HLH_gldm_SmallDependenceLowGrayLevelEmphasis,0.8801142768017778,-0.0827438743260454
545,wavelet-HHH_glrlm_RunEntropy,0.8816047928733012,0.06277331373051936
232,wavelet-LHL_gldm_SmallDependenceHighGrayLevelEmphasis,0.8838468060418452,0.08659435580427431
578,wavelet-HLH_glszm_HighGrayLevelZoneEmphasis,0.8855529456791249,0.08583434933725283
474,wavelet-LLL_glcm_DifferenceAverage,0.8856757385804924,0.0742198110791571
472,wavelet-HLH_ngtdm_Strength,0.8859516991195684,0.13136325511388727
58,wavelet-LLH_glszm_ZoneVariance,0.8862999258905441,-0.05979903232992468
447,wavelet-LLH_gldm_DependenceVariance,0.8868460583014907,-0.09211748075177532
22,wavelet-HLH_glrlm_LongRunHighGrayLevelEmphasis,0.8871249664868232,-0.09375397343692991
562,wavelet-LLL_glcm_Id,0.8874315319444632,-0.06495024397680349
468,wavelet-LLL_glrlm_RunLengthNonUniformityNormalized,0.8899293011028542,0.059598371128642844
504,wavelet-LLL_glrlm_ShortRunEmphasis,0.8920600128787721,0.05859182550307914
98,wavelet-LLH_glszm_LargeAreaEmphasis,0.8924300086116892,-0.05631341106134332
330,wavelet-LLL_glcm_Contrast,0.8937185926391389,-0.07894789887826716
397,wavelet-LHL_glrlm_RunEntropy,0.896050525144569,-0.0572384271480493
570,wavelet-HLH_glszm_ZoneVariance,0.8969218938382889,-0.06600395940480903
558,wavelet-HLH_glszm_SmallAreaHighGrayLevelEmphasis,0.8984831437348757,-0.09646781201301122
176,wavelet-LHL_ngtdm_Busyness,0.9011032349115674,-0.05025947589416829
467,wavelet-HHL_glrlm_ShortRunHighGrayLevelEmphasis,0.9027342486965546,0.07428996589884607
171,wavelet-HHH_glrlm_GrayLevelVariance,0.9061238384015604,-17.042175214972662
425,wavelet-LHH_glszm_SizeZoneNonUniformityNormalized,0.9068488216942547,-0.045578477106581576
112,wavelet-HHH_glrlm_ShortRunEmphasis,0.9081966724404535,-0.06313437036143843
561,wavelet-HHH_glcm_ClusterTendency,0.9121918732922993,-0.16038252830597238
164,wavelet-HHL_glrlm_ShortRunLowGrayLevelEmphasis,0.9122786346024769,-0.04232054516323808
416,wavelet-LLH_glszm_SmallAreaLowGrayLevelEmphasis,0.91234768237347,-0.049740708089549134
63,wavelet-HHL_glszm_GrayLevelVariance,0.9132176992851984,-0.08463468349325375
263,wavelet-HLH_glrlm_LowGrayLevelRunEmphasis,0.9203130870006052,-0.06720275244787301
155,wavelet-HLH_gldm_DependenceEntropy,0.9218872861246379,0.0547891334480821
415,wavelet-HLH_glrlm_ShortRunLowGrayLevelEmphasis,0.9225972372280917,0.0548125871984764
372,wavelet-LLL_glrlm_RunPercentage,0.9233685976818309,0.042503802509918455
222,wavelet-HLH_glrlm_GrayLevelVariance,0.9262046954060134,-0.0778401755013937
121,wavelet-HLH_gldm_DependenceNonUniformityNormalized,0.9263670088413319,-0.04310423381215387
429,wavelet-HLH_glszm_LargeAreaEmphasis,0.9293441061593749,-0.04648173593620584
579,wavelet-LLL_gldm_SmallDependenceHighGrayLevelEmphasis,0.9303693568675064,0.042269281403479374
216,wavelet-LHH_gldm_DependenceVariance,0.9343217718962966,0.04109747347975338
513,wavelet-LLL_glszm_SmallAreaEmphasis,0.9359964808373417,-0.04580824780326351
309,wavelet-LHH_glrlm_RunVariance,0.9377398162390747,-0.040564491216626114
420,wavelet-HHH_gldm_DependenceVariance,0.9427596107244166,0.036456503928456646
178,wavelet-LLL_gldm_DependenceVariance,0.9430373214976453,-0.034218053370219687
574,wavelet-HHH_gldm_DependenceEntropy,0.9446608867715103,0.03173710289778184
139,wavelet-LLL_glrlm_LongRunEmphasis,0.9483505328432462,-0.03236398892558645
158,wavelet-LHH_glcm_DifferenceEntropy,0.9532173152468173,0.07921750813355309
153,wavelet-LHH_glszm_SmallAreaHighGrayLevelEmphasis,0.9541379960849918,0.04380552617528241
512,wavelet-LLL_glrlm_RunVariance,0.9570024811742651,-0.027793275450575045
430,wavelet-LHL_glszm_LargeAreaLowGrayLevelEmphasis,0.9584734829993954,0.0294341047161295
53,wavelet-HLH_glszm_LargeAreaLowGrayLevelEmphasis,0.961372162061967,-0.02537706132302548
565,wavelet-LHL_glcm_InverseVariance,0.9643403148730858,-0.023024655998694677
469,wavelet-HHL_gldm_LowGrayLevelEmphasis,0.9647657789417465,0.014254326564202304
577,wavelet-HHL_glszm_LowGrayLevelZoneEmphasis,0.9676129081070282,0.010936628069890651
593,wavelet-LLL_gldm_LargeDependenceEmphasis,0.9677446717593443,-0.01805448804968924
332,wavelet-HLH_glszm_SmallAreaLowGrayLevelEmphasis,0.9701878734642853,0.014491767606588941
407,wavelet-HLH_glrlm_GrayLevelNonUniformityNormalized,0.9734997994839968,0.03240665638618571
256,wavelet-LHL_gldm_LargeDependenceLowGrayLevelEmphasis,0.9754965918164028,-0.010943200887338914
11,wavelet-HHH_gldm_DependenceNonUniformityNormalized,0.9766319140973033,-0.013110113832862539
586,wavelet-HHH_gldm_LargeDependenceLowGrayLevelEmphasis,0.9803433313185596,-0.011330600301418674
404,wavelet-HLH_gldm_DependenceVariance,0.9836242219846423,-0.008542511162992079
448,wavelet-HHH_glrlm_LowGrayLevelRunEmphasis,0.9855127638765034,-0.019144631772624446
69,wavelet-HLH_gldm_LargeDependenceHighGrayLevelEmphasis,0.9864853802226503,0.010884391211079203
206,wavelet-LLL_glcm_DifferenceVariance,0.9883617535965922,-0.009309735021380376
382,wavelet-LHH_glcm_ClusterTendency,0.9934012847590659,-0.009296212153560489
87,wavelet-LHH_ngtdm_Complexity,0.9936104889582624,0.008680665587747707
149,wavelet-HHH_glcm_JointEntropy,0.9951201276375279,0.00847964166461524
285,wavelet-HHL_glrlm_LowGrayLevelRunEmphasis,0.9969582601598651,0.001238750147437089
